[
    {
        "name": "Infosys Limited",
        "time": "September 2017 - Present",
        "title": "Associate Software Developer",
        "place": "Cherry Hill, NJ"
    },
    {
        "name": "Eli Lilly and Company",
        "time": "Summer 2016",
        "title": "Summer Replacement Student",
        "place": "Indianapolis, IN"
    },
    {
        "name": "DIVSYS International, LLC",
        "time": "October 2016 - March 2017",
        "title": "Senior Project",
        "place": "Indianapolis, IN"
    }
]